{"eval_loss": 0.13753624260425568, "eval_accuracy": 0.9527027027027027, "eval_f1": 0.9526984700968495, "eval_matthews_correlation": 0.9054108608908494, "eval_precision": 0.9527285811086008, "eval_recall": 0.9526822809660778, "eval_runtime": 22.2448, "eval_samples_per_second": 266.13, "eval_steps_per_second": 8.317, "epoch": 4.0}